mean,var95,var99
106.22233806546804,95.13609206914342,90.90716347226484
